{
  "manifest": "data/manifests/pa_eval.csv",
  "checkpoint": "models/run2/specrnet/best.pt",
  "threshold_used": 0.8358460664749146,
  "eer": 0.20388092971357205,
  "accuracy": 0.7777480887701329,
  "n_samples": 134730,
  "n_samples_skipped": 0,
  "preprocessing": {
    "pre_emphasis": true,
    "pre_emphasis_coef": 0.97,
    "trim_silence": true,
    "feature_extractor": {
      "name": "LFCC",
      "config": {
        "sample_rate": 16000,
        "window_length": 400,
        "hop_length": 160,
        "filter_count": 60,
        "num_ceps": 20,
        "n_fft": 512,
        "f_min": 0.0,
        "f_max": 8000.0
      }
    },
    "spectrogram_normalization": "Per-sample mean/std normalization in LFCC frontend"
  },
  "confusion_matrix": {
    "tn": 14998,
    "fp": 3092,
    "fn": 26852,
    "tp": 89788
  },
  "class_0_bonafide": {
    "precision": 0.3583751493428913,
    "recall": 0.8290768380320619,
    "f1": 0.5004337671004337
  },
  "class_1_spoof": {
    "precision": 0.9667097329888028,
    "recall": 0.7697873799725652,
    "f1": 0.8570828560519282
  }
}