{
  "manifest": "data/manifests/pa_eval.csv",
  "checkpoint": "models/run1/specrnet/best.pt",
  "threshold_used": 0.832176923751831,
  "eer": 0.46002772915259094,
  "accuracy": 0.22269724634454094,
  "n_samples": 134730,
  "n_samples_skipped": 0,
  "preprocessing": {
    "pre_emphasis": true,
    "pre_emphasis_coef": 0.97,
    "trim_silence": true,
    "feature_extractqor": {
      "name": "LFCC",
      "config": {
        "sample_rate": 16000,
        "window_length": 400,
        "hop_length": 160,
        "filter_count": 60,
        "num_ceps": 20,
        "n_fft": 512,
        "f_min": 0.0,
        "f_max": 8000.0
      }
    },
    "spectrogram_normalization": "Per-sample mean/std normalization in LFCC frontend"
  },
  "confusion_matrix": {
    "tn": 17743,
    "fp": 347,
    "fn": 104379,
    "tp": 12261
  },
  "class_0_bonafide": {
    "precision": 0.14528913709241578,
    "recall": 0.9808181315644002,
    "f1": 0.25308818075485695
  },
  "class_1_spoof": {
    "precision": 0.9724777918781726,
    "recall": 0.10511831275720164,
    "f1": 0.18972827432532804
  }
}