{
  "manifest": "data/manifests/pa_eval.csv",
  "checkpoint": "models/run1/rawnet/best.pt",
  "threshold_used": 0.8291015625,
  "eer": 0.355177750650042,
  "accuracy": 0.15913308097676834,
  "n_samples": 134730,
  "n_samples_skipped": 0,
  "preprocessing": {
    "pre_emphasis": true,
    "pre_emphasis_coef": 0.97,
    "trim_silence": true,
    "feature_extractor": {
      "name": "RawWaveform",
      "config": {
        "sample_rate": 16000,
        "duration_sec": 4.0
      }
    },
    "spectrogram_normalization": "Raw waveform input"
  },
  "confusion_matrix": {
    "tn": 17976,
    "fp": 114,
    "fn": 113176,
    "tp": 3464
  },
  "class_0_bonafide": {
    "precision": 0.13706233988044406,
    "recall": 0.993698175787728,
    "f1": 0.24089733453049408
  },
  "class_1_spoof": {
    "precision": 0.9681386249301286,
    "recall": 0.02969821673525377,
    "f1": 0.057628641301635364
  }
}